D1:  1	D2:  0	D3: 49	D4:  3	D5:  0	DendP:-20.0	Axon:  0	Pulses:  0	AxonP:-20.0	LED1 color:  2	LED2 color:  0	time:       6	
D1:  0	D2:  0	D3: 49	D4:  3	D5:  0	DendP:-18.8	Axon:  0	Pulses:  0	AxonP:-18.8	LED1 color:  2	LED2 color:  0	time:      13	
D1:  0	D2:  0	D3: 49	D4:  3	D5:  0	DendP:-37.6	Axon:  0	Pulses:  0	AxonP:-37.6	time:      18	
D1:  0	D2:  0	D3: 49	D4:  3	D5:  0	DendP:-35.7	Axon:  0	Pulses:  0	AxonP:-35.7	time:      23	
D1:  0	D2:  0	D3: 49	D4:  3	D5:  0	DendP:-54.0	Axon:  0	Pulses:  0	AxonP:-54.0	time:      28	
D1:  0	D2:  0	D3: 49	D4:  3	D5:  0	DendP:-51.4	Axon:  0	Pulses:  0	AxonP:-51.4	time:      33	
D1:  0	D2:  0	D3: 49	D4:  3	D5:  0	DendP:-68.8	Axon:  0	Pulses:  0	AxonP:-68.8	time:      38	
D1:  0	D2:  0	D3: 49	D4:  3	D5:  0	DendP:-65.5	Axon:  0	Pulses:  0	AxonP:-65.5	time:      43	
D1:  0	D2:  0	D3: 49	D4:  3	D5:  0	DendP:-82.3	Axon:  0	Pulses:  0	AxonP:-82.3	time:      48	
D1:  0	D2:  0	D3: 49	D4:  3	D5:  0	DendP:-78.3	Axon:  0	Pulses:  0	AxonP:-78.3	time:      53	
D1:  0	D2:  0	D3: 49	D4:  3	D5:  0	DendP:-94.5	Axon:  0	Pulses:  0	AxonP:-94.5	time:      58	
D1:  0	D2:  0	D3: 49	D4:  3	D5:  0	DendP:-89.9	Axon:  0	Pulses:  0	AxonP:-89.9	time:      63	
D1:  0	D2:  0	D3: 49	D4:  3	D5:  0	DendP:-105.5	Axon:  0	Pulses:  0	AxonP:-105.5	time:      69	
D1:  0	D2:  0	D3: 49	D4:  3	D5:  0	DendP:-99.3	Axon:  0	Pulses:  0	AxonP:-99.3	time:      74	
D1:  0	D2:  0	D3: 49	D4:  3	D5:  0	DendP:-114.5	Axon:  0	Pulses:  0	AxonP:-114.5	time:      79	
D1:  0	D2:  0	D3: 49	D4:  3	D5:  0	DendP:-108.9	Axon:  0	Pulses:  0	AxonP:-108.9	time:      84	
D1:  0	D2:  0	D3: 49	D4:  3	D5:  0	DendP:-123.6	Axon:  0	Pulses:  0	AxonP:-123.6	time:      89	
D1:  0	D2:  0	D3: 49	D4:  3	D5:  0	DendP:-117.6	Axon:  0	Pulses:  0	AxonP:-117.6	time:      94	
D1:  0	D2:  0	D3: 49	D4:  3	D5:  0	DendP:-131.8	Axon:  0	Pulses:  0	AxonP:-131.8	time:     100	
D1:  0	D2:  0	D3: 49	D4:  3	D5:  0	DendP:-124.2	Axon:  0	Pulses:  0	AxonP:-124.2	time:     105	
D1:  0	D2:  0	D3: 49	D4:  3	D5:  0	DendP:-138.1	Axon:  0	Pulses:  0	AxonP:-138.1	time:     110	
D1:  0	D2:  0	D3: 49	D4:  3	D5:  0	DendP:-131.4	Axon:  0	Pulses:  0	AxonP:-131.4	time:     115	
D1:  0	D2:  0	D3: 49	D4:  3	D5:  0	DendP:-145.0	Axon:  0	Pulses:  0	AxonP:-119.0	time:     120	
D1:  0	D2:  0	D3: 49	D4:  3	D5:  0	DendP:-113.2	Axon:  0	Pulses:  0	AxonP:-113.2	time:     125	
D1:  0	D2:  0	D3: 49	D4:  3	D5:  0	DendP:-127.6	Axon:  0	Pulses:  0	AxonP:-127.6	time:     131	
D1:  0	D2:  0	D3: 49	D4:  3	D5:  0	DendP:-120.2	Axon:  0	Pulses:  0	AxonP:-120.2	time:     136	
D1:  0	D2:  0	D3: 49	D4:  3	D5:  0	DendP:-134.3	Axon:  0	Pulses:  0	AxonP:-134.3	time:     141	
D1:  0	D2:  0	D3: 49	D4:  3	D5:  0	DendP:-127.8	Axon:  0	Pulses:  0	AxonP:-127.8	time:     146	
D1:  0	D2:  0	D3: 49	D4:  3	D5:  0	DendP:-141.6	Axon:  0	Pulses:  0	AxonP:-141.6	time:     151	
D1:  0	D2:  0	D3: 49	D4:  3	D5:  0	DendP:-134.7	Axon:  0	Pulses:  0	AxonP:-134.7	time:     156	
D1:  0	D2:  0	D3: 49	D4:  3	D5:  0	DendP:-148.1	Axon:  0	Pulses:  0	AxonP:-148.1	time:     162	
D1:  0	D2:  0	D3: 49	D4:  3	D5:  0	DendP:-139.5	Axon:  0	Pulses:  0	AxonP:-139.5	time:     167	
D1:  0	D2:  0	D3: 49	D4:  3	D5:  0	DendP:-152.7	Axon:  0	Pulses:  0	AxonP:-152.7	time:     172	
D1:  0	D2:  0	D3: 49	D4:  3	D5:  0	DendP:-145.2	Axon:  0	Pulses:  0	AxonP:-145.2	time:     177	
D1:  0	D2:  0	D3: 49	D4:  3	D5:  0	DendP:-158.1	Axon:  0	Pulses:  0	AxonP:-158.1	time:     182	
D1:  0	D2:  0	D3: 49	D4:  3	D5:  0	DendP:-150.4	Axon:  0	Pulses:  0	AxonP:-150.4	time:     187	
D1:  0	D2:  0	D3: 49	D4:  3	D5:  0	DendP:-163.1	Axon:  0	Pulses:  0	AxonP:-163.1	time:     193	
D1:  0	D2:  0	D3: 49	D4:  3	D5:  0	DendP:-153.6	Axon:  0	Pulses:  0	AxonP:-153.6	time:     198	
D1:  0	D2:  0	D3: 49	D4:  3	D5:  0	DendP:-166.1	Axon:  0	Pulses:  0	AxonP:-166.1	time:     203	
D1:  0	D2:  0	D3: 49	D4:  3	D5:  0	DendP:-158.0	Axon:  0	Pulses:  0	AxonP:-158.0	time:     208	
D1:  0	D2:  0	D3: 49	D4:  3	D5:  0	DendP:-170.3	Axon:  0	Pulses:  0	AxonP:-170.3	time:     213	
D1:  0	D2:  0	D3: 49	D4:  3	D5:  0	DendP:-162.0	Axon:  0	Pulses:  0	AxonP:-162.0	time:     218	
D1:  0	D2:  0	D3: 49	D4:  3	D5:  0	DendP:-174.1	Axon:  0	Pulses:  0	AxonP:-174.1	time:     224	
D1:  0	D2:  0	D3: 49	D4:  3	D5:  0	DendP:-163.9	Axon:  0	Pulses:  0	AxonP:-163.9	time:     229	
D1:  0	D2:  0	D3: 49	D4:  3	D5:  0	DendP:-176.0	Axon:  0	Pulses:  0	AxonP:-176.0	time:     234	
D1:  0	D2:  0	D3: 49	D4:  3	D5:  0	DendP:-167.4	Axon:  0	Pulses:  0	AxonP:-167.4	time:     239	
D1:  0	D2:  0	D3: 49	D4:  3	D5:  0	DendP:-179.2	Axon:  0	Pulses:  0	AxonP:-179.2	time:     244	
D1:  0	D2:  0	D3: 49	D4:  3	D5:  0	DendP:-170.5	Axon:  0	Pulses:  0	AxonP:-170.5	time:     249	
D1:  0	D2:  0	D3: 49	D4:  3	D5:  0	DendP:-182.2	Axon:  0	Pulses:  0	AxonP:-182.2	time:     255	
D1:  0	D2:  0	D3: 49	D4:  3	D5:  0	DendP:-171.5	Axon:  0	Pulses:  0	AxonP:-171.5	time:     260	
D1:  0	D2:  0	D3: 49	D4:  3	D5:  0	DendP:-183.2	Axon:  0	Pulses:  0	AxonP:-183.2	time:     265	
D1:  0	D2:  0	D3: 49	D4:  3	D5:  0	DendP:-174.2	Axon:  0	Pulses:  0	AxonP:-174.2	time:     270	
D1:  0	D2:  0	D3: 49	D4:  3	D5:  0	DendP:-185.7	Axon:  0	Pulses:  0	AxonP:-185.7	time:     275	
D1:  0	D2:  0	D3: 49	D4:  3	D5:  0	DendP:-176.7	Axon:  0	Pulses:  0	AxonP:-176.7	time:     280	
D1:  0	D2:  0	D3: 49	D4:  3	D5:  0	DendP:-188.1	Axon:  0	Pulses:  0	AxonP:-188.1	time:     286	
D1:  0	D2:  0	D3: 49	D4:  3	D5:  0	DendP:-177.1	Axon:  0	Pulses:  0	AxonP:-177.1	time:     291	
D1:  0	D2:  0	D3: 49	D4:  3	D5:  0	DendP:-188.5	Axon:  0	Pulses:  0	AxonP:-188.5	time:     296	
D1:  0	D2:  0	D3: 49	D4:  3	D5:  0	DendP:-179.3	Axon:  0	Pulses:  0	AxonP:-179.3	time:     301	
D1:  0	D2:  0	D3: 49	D4:  3	D5:  0	DendP:-190.5	Axon:  0	Pulses:  0	AxonP:-190.5	time:     306	
D1:  0	D2:  0	D3: 49	D4:  3	D5:  0	DendP:-181.3	Axon:  0	Pulses:  0	AxonP:-181.3	time:     311	
D1:  0	D2:  0	D3: 49	D4:  3	D5:  0	DendP:-192.4	Axon:  0	Pulses:  0	AxonP:-192.4	time:     317	
D1:  0	D2:  0	D3: 49	D4:  3	D5:  0	DendP:-181.2	Axon:  0	Pulses:  0	AxonP:-181.2	time:     322	
D1:  0	D2:  0	D3: 49	D4:  3	D5:  0	DendP:-192.4	Axon:  0	Pulses:  0	AxonP:-192.4	time:     327	
D1:  0	D2:  0	D3: 49	D4:  3	D5:  0	DendP:-183.0	Axon:  0	Pulses:  0	AxonP:-183.0	time:     332	
D1:  0	D2:  0	D3: 49	D4:  3	D5:  0	DendP:-194.1	Axon:  0	Pulses:  0	AxonP:-194.1	time:     337	
D1:  0	D2:  0	D3: 49	D4:  3	D5:  0	DendP:-184.6	Axon:  0	Pulses:  0	AxonP:-184.6	time:     342	
D1:  0	D2:  0	D3: 49	D4:  3	D5:  0	DendP:-195.6	Axon:  0	Pulses:  0	AxonP:-195.6	time:     348	
D1:  0	D2:  0	D3: 49	D4:  3	D5:  0	DendP:-184.2	Axon:  0	Pulses:  0	AxonP:-184.2	time:     353	
D1:  0	D2:  0	D3: 49	D4:  3	D5:  0	DendP:-195.2	Axon:  0	Pulses:  0	AxonP:-195.2	time:     358	
D1:  0	D2:  0	D3: 49	D4:  3	D5:  0	DendP:-185.7	Axon:  0	Pulses:  0	AxonP:-185.7	time:     363	
D1:  0	D2:  0	D3: 49	D4:  3	D5:  0	DendP:-196.6	Axon:  0	Pulses:  0	AxonP:-196.6	time:     368	
D1:  0	D2:  0	D3: 49	D4:  3	D5:  0	DendP:-187.1	Axon:  0	Pulses:  0	AxonP:-187.1	time:     373	
D1:  0	D2:  0	D3: 49	D4:  3	D5:  0	DendP:-197.9	Axon:  0	Pulses:  0	AxonP:-197.9	time:     379	
D1:  0	D2:  0	D3: 49	D4:  3	D5:  0	DendP:-186.4	Axon:  0	Pulses:  0	AxonP:-186.4	time:     384	
D1:  0	D2:  0	D3: 49	D4:  3	D5:  0	DendP:-197.3	Axon:  0	Pulses:  0	AxonP:-197.3	time:     389	
D1:  0	D2:  0	D3: 49	D4:  3	D5:  0	DendP:-187.7	Axon:  0	Pulses:  0	AxonP:-187.7	time:     394	
D1:  0	D2:  0	D3: 49	D4:  3	D5:  0	DendP:-198.5	Axon:  0	Pulses:  0	AxonP:-198.5	time:     399	
D1:  0	D2:  0	D3: 49	D4:  3	D5:  0	DendP:-188.9	Axon:  0	Pulses:  0	AxonP:-188.9	time:     404	
D1:  0	D2:  0	D3: 49	D4:  3	D5:  0	DendP:-199.6	Axon:  0	Pulses:  0	AxonP:-199.6	time:     410	
D1:  0	D2:  0	D3: 49	D4:  3	D5:  0	DendP:-188.0	Axon:  0	Pulses:  0	AxonP:-188.0	time:     415	
D1:  0	D2:  0	D3: 49	D4:  3	D5:  0	DendP:-198.8	Axon:  0	Pulses:  0	AxonP:-198.8	time:     420	
D1:  0	D2:  0	D3: 49	D4:  3	D5:  0	DendP:-189.1	Axon:  0	Pulses:  0	AxonP:-189.1	time:     425	
D1:  0	D2:  0	D3: 49	D4:  3	D5:  0	DendP:-199.9	Axon:  0	Pulses:  0	AxonP:-199.9	time:     430	
D1:  0	D2:  0	D3: 49	D4:  3	D5:  0	DendP:-190.2	Axon:  0	Pulses:  0	AxonP:-190.2	time:     435	
D1:  0	D2:  0	D3: 49	D4:  3	D5:  0	DendP:-200.9	Axon:  0	Pulses:  0	AxonP:-200.9	time:     441	
D1:  0	D2:  0	D3: 49	D4:  3	D5:  0	DendP:-189.2	Axon:  0	Pulses:  0	AxonP:-189.2	time:     446	
D1:  0	D2:  0	D3: 49	D4:  3	D5:  0	DendP:-200.0	Axon:  0	Pulses:  0	AxonP:-200.0	time:     451	
D1:  0	D2:  0	D3: 49	D4:  3	D5:  0	DendP:-190.2	Axon:  0	Pulses:  0	AxonP:-190.2	time:     456	
D1:  0	D2:  0	D3: 49	D4:  3	D5:  0	DendP:-200.9	Axon:  0	Pulses:  0	AxonP:-200.9	time:     461	
D1:  0	D2:  0	D3: 49	D4:  3	D5:  0	DendP:-191.1	Axon:  0	Pulses:  0	AxonP:-191.1	time:     466	
D1:  0	D2:  0	D3: 49	D4:  3	D5:  0	DendP:-201.8	Axon:  0	Pulses:  0	AxonP:-201.8	time:     472	
D1:  0	D2:  0	D3: 49	D4:  3	D5:  0	DendP:-190.1	Axon:  0	Pulses:  0	AxonP:-190.1	time:     477	
D1:  0	D2:  0	D3: 49	D4:  3	D5:  0	DendP:-200.8	Axon:  0	Pulses:  0	AxonP:-200.8	time:     482	
D1:  0	D2:  0	D3: 49	D4:  3	D5:  0	DendP:-191.0	Axon:  0	Pulses:  0	AxonP:-191.0	time:     487	
D1:  0	D2:  0	D3: 49	D4:  3	D5:  0	DendP:-201.7	Axon:  0	Pulses:  0	AxonP:-201.7	time:     492	
D1:  0	D2:  0	D3: 49	D4:  3	D5:  0	DendP:-191.9	Axon:  0	Pulses:  0	AxonP:-191.9	time:     497	
D1:  0	D2:  0	D3: 49	D4:  3	D5:  0	DendP:-202.5	Axon:  0	Pulses:  0	AxonP:-202.5	LED1 color:  2	LED2 color:  0	time:     504	
D1:  0	D2:  0	D3: 49	D4:  3	D5:  0	DendP:-188.8	Axon:  0	Pulses:  0	AxonP:-188.8	time:     509	
D1:  0	D2:  0	D3: 49	D4:  3	D5:  0	DendP:-199.6	Axon:  0	Pulses:  0	AxonP:-199.6	LED1 color:  2	LED2 color:  0	time:     516	
D1:  0	D2:  0	D3: 49	D4:  3	D5:  0	DendP:-186.1	Axon:  0	Pulses:  0	AxonP:-186.1	time:     521	
D1:  0	D2:  0	D3: 49	D4:  3	D5:  0	DendP:-197.0	Axon:  0	Pulses:  0	AxonP:-197.0	time:     526	
D1:  0	D2:  0	D3: 49	D4:  3	D5:  0	DendP:-187.4	Axon:  0	Pulses:  0	AxonP:-187.4	time:     532	
D1:  0	D2:  0	D3: 49	D4:  3	D5:  0	DendP:-196.5	Axon:  0	Pulses:  0	AxonP:-196.5	time:     537	
D1:  0	D2:  0	D3: 49	D4:  3	D5:  0	DendP:-186.9	Axon:  0	Pulses:  0	AxonP:-186.9	time:     542	
D1:  0	D2:  0	D3: 49	D4:  3	D5:  0	DendP:-197.8	Axon:  0	Pulses:  0	AxonP:-197.8	time:     547	
D1:  0	D2:  0	D3: 49	D4:  3	D5:  0	DendP:-188.2	Axon:  0	Pulses:  0	AxonP:-188.2	time:     552	
D1:  0	D2:  0	D3: 49	D4:  3	D5:  0	DendP:-199.0	Axon:  0	Pulses:  0	AxonP:-199.0	time:     557	
D1:  0	D2:  0	D3: 49	D4:  3	D5:  0	DendP:-189.3	Axon:  0	Pulses:  0	AxonP:-189.3	time:     563	
D1:  0	D2:  0	D3: 49	D4:  3	D5:  0	DendP:-198.3	Axon:  0	Pulses:  0	AxonP:-198.3	time:     568	
D1:  0	D2:  0	D3: 49	D4:  3	D5:  0	DendP:-188.6	Axon:  0	Pulses:  0	AxonP:-188.6	time:     573	
D1:  0	D2:  0	D3: 49	D4:  3	D5:  0	DendP:-199.4	Axon:  0	Pulses:  0	AxonP:-199.4	time:     578	
D1:  0	D2:  0	D3: 49	D4:  3	D5:  0	DendP:-189.7	Axon:  0	Pulses:  0	AxonP:-189.7	time:     583	
D1:  0	D2:  0	D3: 49	D4:  3	D5:  0	DendP:-200.4	Axon:  0	Pulses:  0	AxonP:-200.4	time:     588	
D1:  0	D2:  0	D3: 49	D4:  3	D5:  0	DendP:-190.6	Axon:  0	Pulses:  0	AxonP:-190.6	time:     594	
D1:  0	D2:  0	D3: 49	D4:  3	D5:  0	DendP:-199.5	Axon:  0	Pulses:  0	AxonP:-199.5	time:     599	
D1:  0	D2:  0	D3: 49	D4:  3	D5:  0	DendP:-189.8	Axon:  0	Pulses:  0	AxonP:-189.8	time:     604	
D1:  0	D2:  0	D3: 49	D4:  3	D5:  0	DendP:-200.5	Axon:  0	Pulses:  0	AxonP:-200.5	time:     609	
D1:  0	D2:  0	D3: 49	D4:  3	D5:  0	DendP:-190.8	Axon:  0	Pulses:  0	AxonP:-190.8	time:     614	
D1:  0	D2:  0	D3: 49	D4:  3	D5:  0	DendP:-201.5	Axon:  0	Pulses:  0	AxonP:-201.5	time:     619	
D1:  0	D2:  0	D3: 49	D4:  3	D5:  0	DendP:-191.6	Axon:  0	Pulses:  0	AxonP:-191.6	time:     625	
D1:  0	D2:  0	D3: 49	D4:  3	D5:  0	DendP:-200.5	Axon:  0	Pulses:  0	AxonP:-200.5	time:     630	
D1:  0	D2:  0	D3: 49	D4:  3	D5:  0	DendP:-190.7	Axon:  0	Pulses:  0	AxonP:-190.7	time:     635	
D1:  0	D2:  0	D3: 49	D4:  3	D5:  0	DendP:-201.4	Axon:  0	Pulses:  0	AxonP:-201.4	time:     640	
D1:  0	D2:  0	D3: 49	D4:  3	D5:  0	DendP:-191.6	Axon:  0	Pulses:  0	AxonP:-191.6	time:     645	
D1:  0	D2:  0	D3: 49	D4:  3	D5:  0	DendP:-202.2	Axon:  0	Pulses:  0	AxonP:-202.2	time:     650	
D1:  0	D2:  0	D3: 49	D4:  3	D5:  0	DendP:-192.4	Axon:  0	Pulses:  0	AxonP:-192.4	time:     656	
D1:  0	D2:  0	D3: 49	D4:  3	D5:  0	DendP:-201.2	Axon:  0	Pulses:  0	AxonP:-201.2	time:     661	
D1:  0	D2:  0	D3: 49	D4:  3	D5:  0	DendP:-191.4	Axon:  0	Pulses:  0	AxonP:-191.4	time:     666	
D1:  0	D2:  0	D3: 49	D4:  3	D5:  0	DendP:-202.0	Axon:  0	Pulses:  0	AxonP:-202.0	time:     671	
D1:  0	D2:  0	D3: 49	D4:  3	D5:  0	DendP:-192.2	Axon:  0	Pulses:  0	AxonP:-192.2	time:     676	
D1:  0	D2:  0	D3: 49	D4:  3	D5:  0	DendP:-202.8	Axon:  0	Pulses:  0	AxonP:-202.8	time:     682	
D1:  0	D2:  0	D3: 49	D4:  3	D5:  0	DendP:-191.0	Axon:  0	Pulses:  0	AxonP:-191.0	time:     687	
D1:  0	D2:  0	D3: 49	D4:  3	D5:  0	DendP:-201.7	Axon:  0	Pulses:  0	AxonP:-201.7	time:     692	
D1:  0	D2:  0	D3: 49	D4:  3	D5:  0	DendP:-191.8	Axon:  0	Pulses:  0	AxonP:-191.8	time:     697	
D1:  0	D2:  0	D3: 49	D4:  3	D5:  0	DendP:-202.5	Axon:  0	Pulses:  0	AxonP:-202.5	time:     702	
D1:  0	D2:  0	D3: 49	D4:  3	D5:  0	DendP:-192.6	Axon:  0	Pulses:  0	AxonP:-192.6	time:     707	
D1:  0	D2:  0	D3: 49	D4:  3	D5:  0	DendP:-203.2	Axon:  0	Pulses:  0	AxonP:-203.2	time:     713	
D1:  0	D2:  0	D3: 49	D4:  3	D5:  0	DendP:-191.4	Axon:  0	Pulses:  0	AxonP:-191.4	time:     718	
D1:  0	D2:  0	D3: 49	D4:  3	D5:  0	DendP:-202.0	Axon:  0	Pulses:  0	AxonP:-202.0	time:     723	
D1:  0	D2:  0	D3: 49	D4:  3	D5:  0	DendP:-192.2	Axon:  0	Pulses:  0	AxonP:-192.2	time:     728	
D1:  0	D2:  0	D3: 49	D4:  3	D5:  0	DendP:-202.8	Axon:  0	Pulses:  0	AxonP:-202.8	time:     733	
D1:  0	D2:  0	D3: 49	D4:  3	D5:  0	DendP:-192.9	Axon:  0	Pulses:  0	AxonP:-192.9	time:     738	
D1:  0	D2:  0	D3: 49	D4:  3	D5:  0	DendP:-203.5	Axon:  0	Pulses:  0	AxonP:-203.5	time:     744	
D1:  0	D2:  0	D3: 49	D4:  3	D5:  0	DendP:-191.7	Axon:  0	Pulses:  0	AxonP:-191.7	time:     749	
D1:  0	D2:  0	D3: 49	D4:  3	D5:  0	DendP:-202.3	Axon:  0	Pulses:  0	AxonP:-202.3	time:     754	
D1:  0	D2:  0	D3: 49	D4:  3	D5:  0	DendP:-192.5	Axon:  0	Pulses:  0	AxonP:-192.5	time:     759	
D1:  0	D2:  0	D3: 49	D4:  3	D5:  0	DendP:-203.1	Axon:  0	Pulses:  0	AxonP:-203.1	time:     764	
D1:  0	D2:  0	D3: 49	D4:  3	D5:  0	DendP:-193.2	Axon:  0	Pulses:  0	AxonP:-193.2	time:     769	
D1:  0	D2:  0	D3: 49	D4:  3	D5:  0	DendP:-203.7	Axon:  0	Pulses:  0	AxonP:-203.7	time:     775	
D1:  0	D2:  0	D3: 49	D4:  3	D5:  0	DendP:-191.9	Axon:  0	Pulses:  0	AxonP:-191.9	time:     780	
D1:  0	D2:  0	D3: 49	D4:  3	D5:  0	DendP:-202.5	Axon:  0	Pulses:  0	AxonP:-202.5	time:     785	
D1:  0	D2:  0	D3: 49	D4:  3	D5:  0	DendP:-192.6	Axon:  0	Pulses:  0	AxonP:-192.6	time:     790	
D1:  0	D2:  0	D3: 49	D4:  3	D5:  0	DendP:-203.2	Axon:  0	Pulses:  0	AxonP:-203.2	time:     795	
D1:  0	D2:  0	D3: 49	D4:  3	D5:  0	DendP:-193.3	Axon:  0	Pulses:  0	AxonP:-193.3	time:     800	
D1:  0	D2:  0	D3: 49	D4:  3	D5:  0	DendP:-203.9	Axon:  0	Pulses:  0	AxonP:-203.9	time:     806	
D1:  0	D2:  0	D3: 49	D4:  3	D5:  0	DendP:-192.0	Axon:  0	Pulses:  0	AxonP:-192.0	time:     811	
D1:  0	D2:  0	D3: 49	D4:  3	D5:  0	DendP:-202.7	Axon:  0	Pulses:  0	AxonP:-202.7	time:     816	
D1:  0	D2:  0	D3: 49	D4:  3	D5:  0	DendP:-192.8	Axon:  0	Pulses:  0	AxonP:-192.8	time:     821	
D1:  0	D2:  0	D3: 49	D4:  3	D5:  0	DendP:-203.4	Axon:  0	Pulses:  0	AxonP:-203.4	time:     826	
D1:  0	D2:  0	D3: 49	D4:  3	D5:  0	DendP:-193.5	Axon:  0	Pulses:  0	AxonP:-193.5	time:     831	
D1:  0	D2:  0	D3: 49	D4:  3	D5:  0	DendP:-204.0	Axon:  0	Pulses:  0	AxonP:-204.0	time:     837	
D1:  0	D2:  0	D3: 49	D4:  3	D5:  0	DendP:-192.1	Axon:  0	Pulses:  0	AxonP:-192.1	time:     842	
D1:  0	D2:  0	D3: 49	D4:  3	D5:  0	DendP:-202.8	Axon:  0	Pulses:  0	AxonP:-202.8	time:     847	
D1:  0	D2:  0	D3: 49	D4:  3	D5:  0	DendP:-192.9	Axon:  0	Pulses:  0	AxonP:-192.9	time:     852	
D1:  0	D2:  0	D3: 49	D4:  3	D5:  0	DendP:-203.5	Axon:  0	Pulses:  0	AxonP:-203.5	time:     857	
D1:  0	D2:  0	D3: 49	D4:  3	D5:  0	DendP:-193.6	Axon:  0	Pulses:  0	AxonP:-193.6	time:     862	
D1:  0	D2:  0	D3: 49	D4:  3	D5:  0	DendP:-204.1	Axon:  0	Pulses:  0	AxonP:-204.1	time:     868	
D1:  0	D2:  0	D3: 49	D4:  3	D5:  0	DendP:-192.2	Axon:  0	Pulses:  0	AxonP:-192.2	time:     873	
D1:  0	D2:  0	D3: 49	D4:  3	D5:  0	DendP:-202.9	Axon:  0	Pulses:  0	AxonP:-202.9	time:     878	
D1:  0	D2:  0	D3: 49	D4:  3	D5:  0	DendP:-193.0	Axon:  0	Pulses:  0	AxonP:-193.0	time:     883	
D1:  0	D2:  0	D3: 49	D4:  3	D5:  0	DendP:-203.5	Axon:  0	Pulses:  0	AxonP:-203.5	time:     888	
D1:  0	D2:  0	D3: 49	D4:  3	D5:  0	DendP:-193.6	Axon:  0	Pulses:  0	AxonP:-193.6	time:     893	
D1:  0	D2:  0	D3: 49	D4:  3	D5:  0	DendP:-204.2	Axon:  0	Pulses:  0	AxonP:-204.2	time:     899	
D1:  0	D2:  0	D3: 49	D4:  3	D5:  0	DendP:-192.3	Axon:  0	Pulses:  0	AxonP:-192.3	time:     904	
D1:  0	D2:  0	D3: 49	D4:  3	D5:  0	DendP:-202.9	Axon:  0	Pulses:  0	AxonP:-202.9	time:     909	
D1:  0	D2:  0	D3: 49	D4:  3	D5:  0	DendP:-193.0	Axon:  0	Pulses:  0	AxonP:-193.0	time:     914	
D1:  0	D2:  0	D3: 49	D4:  3	D5:  0	DendP:-203.6	Axon:  0	Pulses:  0	AxonP:-203.6	time:     919	
D1:  0	D2:  0	D3: 49	D4:  3	D5:  0	DendP:-193.7	Axon:  0	Pulses:  0	AxonP:-193.7	time:     924	
D1:  0	D2:  0	D3: 49	D4:  3	D5:  0	DendP:-204.2	Axon:  0	Pulses:  0	AxonP:-204.2	time:     930	
D1:  0	D2:  0	D3: 49	D4:  3	D5:  0	DendP:-192.3	Axon:  0	Pulses:  0	AxonP:-192.3	time:     935	
D1:  0	D2:  0	D3: 49	D4:  3	D5:  0	DendP:-203.0	Axon:  0	Pulses:  0	AxonP:-203.0	time:     940	
D1:  0	D2:  0	D3: 49	D4:  3	D5:  0	DendP:-193.1	Axon:  0	Pulses:  0	AxonP:-193.1	time:     945	
D1:  0	D2:  0	D3: 49	D4:  3	D5:  0	DendP:-203.6	Axon:  0	Pulses:  0	AxonP:-203.6	time:     950	
D1:  0	D2:  0	D3: 49	D4:  3	D5:  0	DendP:-193.7	Axon:  0	Pulses:  0	AxonP:-193.7	time:     955	
D1:  0	D2:  0	D3: 49	D4:  3	D5:  0	DendP:-204.3	Axon:  0	Pulses:  0	AxonP:-204.3	time:     961	
D1:  0	D2:  0	D3: 49	D4:  3	D5:  0	DendP:-192.4	Axon:  0	Pulses:  0	AxonP:-192.4	time:     966	
D1:  0	D2:  0	D3: 49	D4:  3	D5:  0	DendP:-203.0	Axon:  0	Pulses:  0	AxonP:-203.0	time:     971	
D1:  0	D2:  0	D3: 49	D4:  3	D5:  0	DendP:-193.1	Axon:  0	Pulses:  0	AxonP:-193.1	time:     976	
D1:  0	D2:  0	D3: 49	D4:  3	D5:  0	DendP:-203.7	Axon:  0	Pulses:  0	AxonP:-203.7	time:     981	
D1:  0	D2:  0	D3: 49	D4:  3	D5:  0	DendP:-193.7	Axon:  0	Pulses:  0	AxonP:-193.7	time:     986	
D1:  0	D2:  0	D3: 49	D4:  3	D5:  0	DendP:-204.3	Axon:  0	Pulses:  0	AxonP:-204.3	time:     992	
D1:  0	D2:  0	D3: 49	D4:  3	D5:  0	DendP:-192.4	Axon:  0	Pulses:  0	AxonP:-192.4	time:     997	
D1:  0	D2:  0	D3: 49	D4:  3	D5:  0	DendP:-203.0	Axon:  0	Pulses:  0	AxonP:-203.0	LED1 color:  2	LED2 color:  0	time:    1003	
D1:  0	D2:  0	D3: 49	D4:  3	D5:  0	DendP:-191.2	Axon:  0	Pulses:  0	AxonP:-191.2	time:    1009	
D1:  0	D2:  0	D3: 49	D4:  3	D5:  0	DendP:-200.0	Axon:  0	Pulses:  0	AxonP:-200.0	LED1 color:  2	LED2 color:  0	time:    1015	
D1:  0	D2:  0	D3: 49	D4:  3	D5:  0	DendP:-188.4	Axon:  0	Pulses:  0	AxonP:-188.4	time:    1021	
D1:  0	D2:  0	D3: 49	D4:  3	D5:  0	DendP:-197.4	Axon:  0	Pulses:  0	AxonP:-197.4	time:    1026	
D1:  0	D2:  0	D3: 49	D4:  3	D5:  0	DendP:-187.8	Axon:  0	Pulses:  0	AxonP:-187.8	time:    1031	
D1:  0	D2:  0	D3: 49	D4:  3	D5:  0	DendP:-198.6	Axon:  0	Pulses:  0	AxonP:-198.6	time:    1036	
D1:  0	D2:  0	D3: 49	D4:  3	D5:  0	DendP:-189.0	Axon:  0	Pulses:  0	AxonP:-189.0	time:    1041	
D1:  0	D2:  0	D3: 49	D4:  3	D5:  0	DendP:-199.7	Axon:  0	Pulses:  0	AxonP:-199.7	time:    1046	
D1:  0	D2:  0	D3: 49	D4:  3	D5:  0	DendP:-190.0	Axon:  0	Pulses:  0	AxonP:-190.0	time:    1052	
D1:  0	D2:  0	D3: 49	D4:  3	D5:  0	DendP:-198.9	Axon:  0	Pulses:  0	AxonP:-198.9	time:    1057	
D1:  0	D2:  0	D3: 49	D4:  3	D5:  0	DendP:-189.2	Axon:  0	Pulses:  0	AxonP:-189.2	time:    1062	
D1:  0	D2:  0	D3: 49	D4:  3	D5:  0	DendP:-200.0	Axon:  0	Pulses:  0	AxonP:-200.0	time:    1067	
D1:  0	D2:  0	D3: 49	D4:  3	D5:  0	DendP:-190.2	Axon:  0	Pulses:  0	AxonP:-190.2	time:    1072	
D1:  0	D2:  0	D3: 49	D4:  3	D5:  0	DendP:-201.0	Axon:  0	Pulses:  0	AxonP:-201.0	time:    1077	
D1:  0	D2:  0	D3: 49	D4:  3	D5:  0	DendP:-191.2	Axon:  0	Pulses:  0	AxonP:-191.2	time:    1083	
D1:  0	D2:  0	D3: 49	D4:  3	D5:  0	DendP:-200.0	Axon:  0	Pulses:  0	AxonP:-200.0	time:    1088	
D1:  0	D2:  0	D3: 49	D4:  3	D5:  0	DendP:-190.3	Axon:  0	Pulses:  0	AxonP:-190.3	time:    1093	
D1:  0	D2:  0	D3: 49	D4:  3	D5:  0	DendP:-201.0	Axon:  0	Pulses:  0	AxonP:-201.0	time:    1098	
D1:  0	D2:  0	D3: 49	D4:  3	D5:  0	DendP:-191.2	Axon:  0	Pulses:  0	AxonP:-191.2	time:    1103	
D1:  0	D2:  0	D3: 49	D4:  3	D5:  0	DendP:-201.9	Axon:  0	Pulses:  0	AxonP:-201.9	time:    1108	
D1:  0	D2:  0	D3: 49	D4:  3	D5:  0	DendP:-192.0	Axon:  0	Pulses:  0	AxonP:-192.0	time:    1114	
D1:  0	D2:  0	D3: 49	D4:  3	D5:  0	DendP:-200.8	Axon:  0	Pulses:  0	AxonP:-200.8	time:    1119	
D1:  0	D2:  0	D3: 49	D4:  3	D5:  0	DendP:-191.0	Axon:  0	Pulses:  0	AxonP:-191.0	time:    1124	
D1:  0	D2:  0	D3: 49	D4:  3	D5:  0	DendP:-201.7	Axon:  0	Pulses:  0	AxonP:-201.7	time:    1129	
D1:  0	D2:  0	D3: 49	D4:  3	D5:  0	DendP:-191.9	Axon:  0	Pulses:  0	AxonP:-191.9	time:    1134	
D1:  0	D2:  0	D3: 49	D4:  3	D5:  0	DendP:-202.5	Axon:  0	Pulses:  0	AxonP:-202.5	time:    1139	
D1:  0	D2:  0	D3: 49	D4:  3	D5:  0	DendP:-192.7	Axon:  0	Pulses:  0	AxonP:-192.7	time:    1145	
D1:  0	D2:  0	D3: 49	D4:  3	D5:  0	DendP:-201.4	Axon:  0	Pulses:  0	AxonP:-201.4	time:    1150	
D1:  0	D2:  0	D3: 49	D4:  3	D5:  0	DendP:-191.6	Axon:  0	Pulses:  0	AxonP:-191.6	time:    1155	
D1:  0	D2:  0	D3: 49	D4:  3	D5:  0	DendP:-202.3	Axon:  0	Pulses:  0	AxonP:-202.3	time:    1160	
D1:  0	D2:  0	D3: 49	D4:  3	D5:  0	DendP:-192.4	Axon:  0	Pulses:  0	AxonP:-192.4	time:    1165	
D1:  0	D2:  0	D3: 49	D4:  3	D5:  0	DendP:-203.0	Axon:  0	Pulses:  0	AxonP:-203.0	time:    1170	
D1:  0	D2:  0	D3: 49	D4:  3	D5:  0	DendP:-193.1	Axon:  0	Pulses:  0	AxonP:-193.1	time:    1176	
D1:  0	D2:  0	D3: 49	D4:  3	D5:  0	DendP:-201.9	Axon:  0	Pulses:  0	AxonP:-201.9	time:    1181	
D1:  0	D2:  0	D3: 49	D4:  3	D5:  0	DendP:-192.0	Axon:  0	Pulses:  0	AxonP:-192.0	time:    1186	
D1:  0	D2:  0	D3: 49	D4:  3	D5:  0	DendP:-202.7	Axon:  0	Pulses:  0	AxonP:-202.7	time:    1191	
D1:  0	D2:  0	D3: 49	D4:  3	D5:  0	DendP:-192.8	Axon:  0	Pulses:  0	AxonP:-192.8	time:    1196	
D1:  0	D2:  0	D3: 49	D4:  3	D5:  0	DendP:-203.4	Axon:  0	Pulses:  0	AxonP:-203.4	time:    1201	
D1:  0	D2:  0	D3: 49	D4:  3	D5:  0	DendP:-193.5	Axon:  0	Pulses:  0	AxonP:-193.5	time:    1207	
D1:  0	D2:  0	D3: 49	D4:  3	D5:  0	DendP:-202.2	Axon:  0	Pulses:  0	AxonP:-202.2	time:    1212	
D1:  0	D2:  0	D3: 49	D4:  3	D5:  0	DendP:-192.3	Axon:  0	Pulses:  0	AxonP:-192.3	time:    1217	
D1:  0	D2:  0	D3: 49	D4:  3	D5:  0	DendP:-202.9	Axon:  0	Pulses:  0	AxonP:-202.9	time:    1222	
D1:  0	D2:  0	D3: 49	D4:  3	D5:  0	DendP:-193.1	Axon:  0	Pulses:  0	AxonP:-193.1	time:    1227	
D1:  0	D2:  0	D3: 49	D4:  3	D5:  0	DendP:-203.6	Axon:  0	Pulses:  0	AxonP:-203.6	time:    1232	
D1:  0	D2:  0	D3: 49	D4:  3	D5:  0	DendP:-193.7	Axon:  0	Pulses:  0	AxonP:-193.7	time:    1238	
D1:  0	D2:  0	D3: 49	D4:  3	D5:  0	DendP:-202.4	Axon:  0	Pulses:  0	AxonP:-202.4	time:    1243	
D1:  0	D2:  0	D3: 49	D4:  3	D5:  0	DendP:-192.6	Axon:  0	Pulses:  0	AxonP:-192.6	time:    1248	
D1:  0	D2:  0	D3: 49	D4:  3	D5:  0	DendP:-203.2	Axon:  0	Pulses:  0	AxonP:-203.2	time:    1253	
D1:  0	D2:  0	D3: 49	D4:  3	D5:  0	DendP:-193.3	Axon:  0	Pulses:  0	AxonP:-193.3	time:    1258	
D1:  0	D2:  0	D3: 49	D4:  3	D5:  0	DendP:-203.8	Axon:  0	Pulses:  0	AxonP:-203.8	time:    1263	
D1:  0	D2:  0	D3: 49	D4:  3	D5:  0	DendP:-193.9	Axon:  0	Pulses:  0	AxonP:-193.9	time:    1269	
D1:  0	D2:  0	D3: 49	D4:  3	D5:  0	DendP:-202.6	Axon:  0	Pulses:  0	AxonP:-202.6	time:    1274	
D1:  0	D2:  0	D3: 49	D4:  3	D5:  0	DendP:-192.7	Axon:  0	Pulses:  0	AxonP:-192.7	time:    1279	
D1:  0	D2:  0	D3: 49	D4:  3	D5:  0	DendP:-203.3	Axon:  0	Pulses:  0	AxonP:-203.3	time:    1284	
D1:  0	D2:  0	D3: 49	D4:  3	D5:  0	DendP:-193.4	Axon:  0	Pulses:  0	AxonP:-193.4	time:    1289	
D1:  0	D2:  0	D3: 49	D4:  3	D5:  0	DendP:-204.0	Axon:  0	Pulses:  0	AxonP:-204.0	time:    1294	
D1:  0	D2:  0	D3: 49	D4:  3	D5:  0	DendP:-194.0	Axon:  0	Pulses:  0	AxonP:-194.0	time:    1300	
D1:  0	D2:  0	D3: 49	D4:  3	D5:  0	DendP:-202.7	Axon:  0	Pulses:  0	AxonP:-202.7	time:    1305	
D1:  0	D2:  0	D3: 49	D4:  3	D5:  0	DendP:-192.8	Axon:  0	Pulses:  0	AxonP:-192.8	time:    1310	
D1:  0	D2:  0	D3: 49	D4:  3	D5:  0	DendP:-203.4	Axon:  0	Pulses:  0	AxonP:-203.4	time:    1315	
D1:  0	D2:  0	D3: 49	D4:  3	D5:  0	DendP:-193.5	Axon:  0	Pulses:  0	AxonP:-193.5	time:    1320	
D1:  0	D2:  0	D3: 49	D4:  3	D5:  0	DendP:-204.1	Axon:  0	Pulses:  0	AxonP:-204.1	time:    1325	
D1:  0	D2:  0	D3: 49	D4:  3	D5:  0	DendP:-194.1	Axon:  0	Pulses:  0	AxonP:-194.1	time:    1331	
D1:  0	D2:  0	D3: 49	D4:  3	D5:  0	DendP:-202.8	Axon:  0	Pulses:  0	AxonP:-202.8	time:    1336	
D1:  0	D2:  0	D3: 49	D4:  3	D5:  0	DendP:-192.9	Axon:  0	Pulses:  0	AxonP:-192.9	time:    1341	
D1:  0	D2:  0	D3: 49	D4:  3	D5:  0	DendP:-203.5	Axon:  0	Pulses:  0	AxonP:-203.5	time:    1346	
D1:  0	D2:  0	D3: 49	D4:  3	D5:  0	DendP:-193.6	Axon:  0	Pulses:  0	AxonP:-193.6	time:    1351	
D1:  0	D2:  0	D3: 49	D4:  3	D5:  0	DendP:-204.1	Axon:  0	Pulses:  0	AxonP:-204.1	time:    1356	
D1:  0	D2:  0	D3: 49	D4:  3	D5:  0	DendP:-194.2	Axon:  0	Pulses:  0	AxonP:-194.2	time:    1362	
D1:  0	D2:  0	D3: 49	D4:  3	D5:  0	DendP:-202.9	Axon:  0	Pulses:  0	AxonP:-202.9	time:    1367	
D1:  0	D2:  0	D3: 49	D4:  3	D5:  0	DendP:-193.0	Axon:  0	Pulses:  0	AxonP:-193.0	time:    1372	
D1:  0	D2:  0	D3: 49	D4:  3	D5:  0	DendP:-203.6	Axon:  0	Pulses:  0	AxonP:-203.6	time:    1377	
D1:  0	D2:  0	D3: 49	D4:  3	D5:  0	DendP:-193.6	Axon:  0	Pulses:  0	AxonP:-193.6	time:    1382	
D1:  0	D2:  0	D3: 49	D4:  3	D5:  0	DendP:-204.2	Axon:  0	Pulses:  0	AxonP:-204.2	time:    1387	
D1:  0	D2:  0	D3: 49	D4:  3	D5:  0	DendP:-194.2	Axon:  0	Pulses:  0	AxonP:-194.2	time:    1393	
D1:  0	D2:  0	D3: 49	D4:  3	D5:  0	DendP:-202.9	Axon:  0	Pulses:  0	AxonP:-202.9	time:    1398	
D1:  0	D2:  0	D3: 49	D4:  3	D5:  0	DendP:-193.0	Axon:  0	Pulses:  0	AxonP:-193.0	time:    1403	
D1:  0	D2:  0	D3: 49	D4:  3	D5:  0	DendP:-203.6	Axon:  0	Pulses:  0	AxonP:-203.6	time:    1408	
D1:  0	D2:  0	D3: 49	D4:  3	D5:  0	DendP:-193.7	Axon:  0	Pulses:  0	AxonP:-193.7	time:    1413	
D1:  0	D2:  0	D3: 49	D4:  3	D5:  0	DendP:-204.2	Axon:  0	Pulses:  0	AxonP:-204.2	time:    1418	
D1:  0	D2:  0	D3: 49	D4:  3	D5:  0	DendP:-194.3	Axon:  0	Pulses:  0	AxonP:-194.3	time:    1424	
D1:  0	D2:  0	D3: 49	D4:  3	D5:  0	DendP:-203.0	Axon:  0	Pulses:  0	AxonP:-203.0	time:    1429	
D1:  0	D2:  0	D3: 49	D4:  3	D5:  0	DendP:-193.1	Axon:  0	Pulses:  0	AxonP:-193.1	time:    1434	
D1:  0	D2:  0	D3: 49	D4:  3	D5:  0	DendP:-203.7	Axon:  0	Pulses:  0	AxonP:-203.7	time:    1439	
D1:  0	D2:  0	D3: 49	D4:  3	D5:  0	DendP:-193.7	Axon:  0	Pulses:  0	AxonP:-193.7	time:    1444	
D1:  0	D2:  0	D3: 49	D4:  3	D5:  0	DendP:-204.3	Axon:  0	Pulses:  0	AxonP:-204.3	time:    1449	
D1:  0	D2:  0	D3: 49	D4:  3	D5:  0	DendP:-194.3	Axon:  0	Pulses:  0	AxonP:-194.3	time:    1455	
D1:  0	D2:  0	D3: 49	D4:  3	D5:  0	DendP:-203.0	Axon:  0	Pulses:  0	AxonP:-203.0	time:    1460	
D1:  0	D2:  0	D3: 49	D4:  3	D5:  0	DendP:-193.1	Axon:  0	Pulses:  0	AxonP:-193.1	time:    1465	
D1:  0	D2:  0	D3: 49	D4:  3	D5:  0	DendP:-203.7	Axon:  0	Pulses:  0	AxonP:-203.7	time:    1470	
D1:  0	D2:  0	D3: 49	D4:  3	D5:  0	DendP:-193.7	Axon:  0	Pulses:  0	AxonP:-193.7	time:    1475	
D1:  0	D2:  0	D3: 49	D4:  3	D5:  0	DendP:-204.3	Axon:  0	Pulses:  0	AxonP:-204.3	time:    1480	
D1:  0	D2:  0	D3: 49	D4:  3	D5:  0	DendP:-194.3	Axon:  0	Pulses:  0	AxonP:-194.3	time:    1486	
D1:  0	D2:  0	D3: 49	D4:  3	D5:  0	DendP:-203.0	Axon:  0	Pulses:  0	AxonP:-203.0	time:    1491	
D1:  0	D2:  0	D3: 49	D4:  3	D5:  0	DendP:-193.1	Axon:  0	Pulses:  0	AxonP:-193.1	time:    1496	
D1:  0	D2:  0	D3: 49	D4:  3	D5:  0	DendP:-203.7	Axon:  0	Pulses:  0	AxonP:-203.7	LED1 color:  2	LED2 color:  0	time:    1503	
D1:  0	D2:  0	D3: 49	D4:  3	D5:  0	DendP:-189.9	Axon:  0	Pulses:  0	AxonP:-189.9	time:    1508	
D1:  0	D2:  0	D3: 51	D4:  6	D5:  0	DendP:-200.7	Axon:  0	Pulses:  0	AxonP:-200.7	LED1 color:  2	LED2 color:  0	time:    1515	
D1:  0	D2:  0	D3: 49	D4:  3	D5:  0	DendP:-187.1	Axon:  0	Pulses:  0	AxonP:-187.1	time:    1520	
D1:  0	D2:  0	D3: 49	D4:  3	D5:  0	DendP:-198.0	Axon:  0	Pulses:  0	AxonP:-198.0	time:    1525	
D1:  0	D2:  0	D3: 49	D4:  3	D5:  0	DendP:-188.3	Axon:  0	Pulses:  0	AxonP:-188.3	time:    1530	
D1:  0	D2:  0	D3: 49	D4:  3	D5:  0	DendP:-199.1	Axon:  0	Pulses:  0	AxonP:-199.1	time:    1535	
D1:  0	D2:  0	D3: 49	D4:  3	D5:  0	DendP:-189.4	Axon:  0	Pulses:  0	AxonP:-189.4	time:    1541	
D1:  0	D2:  0	D3: 49	D4:  3	D5:  0	DendP:-198.4	Axon:  0	Pulses:  0	AxonP:-198.4	time:    1546	
D1:  0	D2:  0	D3: 49	D4:  3	D5:  0	DendP:-188.7	Axon:  0	Pulses:  0	AxonP:-188.7	time:    1551	
D1:  0	D2:  0	D3: 49	D4:  3	D5:  0	DendP:-199.5	Axon:  0	Pulses:  0	AxonP:-199.5	time:    1556	
D1:  0	D2:  0	D3: 49	D4:  3	D5:  0	DendP:-189.8	Axon:  0	Pulses:  0	AxonP:-189.8	time:    1561	
D1:  0	D2:  0	D3: 49	D4:  3	D5:  0	DendP:-200.5	Axon:  0	Pulses:  0	AxonP:-200.5	time:    1566	
D1:  0	D2:  0	D3: 49	D4:  3	D5:  0	DendP:-190.7	Axon:  0	Pulses:  0	AxonP:-190.7	time:    1572	
D1:  0	D2:  0	D3: 49	D4:  3	D5:  0	DendP:-199.6	Axon:  0	Pulses:  0	AxonP:-199.6	time:    1577	
D1:  0	D2:  0	D3: 49	D4:  3	D5:  0	DendP:-189.9	Axon:  0	Pulses:  0	AxonP:-189.9	time:    1582	
D1:  0	D2:  0	D3: 49	D4:  3	D5:  0	DendP:-200.6	Axon:  0	Pulses:  0	AxonP:-200.6	time:    1587	
D1:  0	D2:  0	D3: 49	D4:  3	D5:  0	DendP:-190.9	Axon:  0	Pulses:  0	AxonP:-190.9	time:    1592	
D1:  0	D2:  0	D3: 49	D4:  3	D5:  0	DendP:-201.5	Axon:  0	Pulses:  0	AxonP:-201.5	time:    1597	
D1:  0	D2:  0	D3: 49	D4:  3	D5:  0	DendP:-191.7	Axon:  0	Pulses:  0	AxonP:-191.7	time:    1603	
D1:  0	D2:  0	D3: 49	D4:  3	D5:  0	DendP:-200.6	Axon:  0	Pulses:  0	AxonP:-200.6	time:    1608	
D1:  0	D2:  0	D3: 49	D4:  3	D5:  0	DendP:-190.8	Axon:  0	Pulses:  0	AxonP:-190.8	time:    1613	
D1:  0	D2:  0	D3: 49	D4:  3	D5:  0	DendP:-201.5	Axon:  0	Pulses:  0	AxonP:-201.5	time:    1618	
D1:  0	D2:  0	D3: 49	D4:  3	D5:  0	DendP:-191.6	Axon:  0	Pulses:  0	AxonP:-191.6	time:    1623	
D1:  0	D2:  0	D3: 49	D4:  3	D5:  0	DendP:-202.3	Axon:  0	Pulses:  0	AxonP:-202.3	time:    1628	
D1:  0	D2:  0	D3: 49	D4:  3	D5:  0	DendP:-192.4	Axon:  0	Pulses:  0	AxonP:-192.4	time:    1634	
D1:  0	D2:  0	D3: 49	D4:  3	D5:  0	DendP:-201.2	Axon:  0	Pulses:  0	AxonP:-201.2	time:    1639	
D1:  0	D2:  0	D3: 49	D4:  3	D5:  0	DendP:-191.4	Axon:  0	Pulses:  0	AxonP:-191.4	time:    1644	
D1:  0	D2:  0	D3: 49	D4:  3	D5:  0	DendP:-202.1	Axon:  0	Pulses:  0	AxonP:-202.1	time:    1649	
D1:  0	D2:  0	D3: 49	D4:  3	D5:  0	DendP:-192.2	Axon:  0	Pulses:  0	AxonP:-192.2	time:    1654	
D1:  0	D2:  0	D3: 49	D4:  3	D5:  0	DendP:-202.8	Axon:  0	Pulses:  0	AxonP:-202.8	time:    1659	
D1:  0	D2:  0	D3: 49	D4:  3	D5:  0	DendP:-193.0	Axon:  0	Pulses:  0	AxonP:-193.0	time:    1665	
D1:  0	D2:  0	D3: 49	D4:  3	D5:  0	DendP:-201.7	Axon:  0	Pulses:  0	AxonP:-201.7	time:    1670	
D1:  0	D2:  0	D3: 49	D4:  3	D5:  0	DendP:-191.9	Axon:  0	Pulses:  0	AxonP:-191.9	time:    1675	
D1:  0	D2:  0	D3: 49	D4:  3	D5:  0	DendP:-202.5	Axon:  0	Pulses:  0	AxonP:-202.5	time:    1680	
D1:  0	D2:  0	D3: 49	D4:  3	D5:  0	DendP:-192.6	Axon:  0	Pulses:  0	AxonP:-192.6	time:    1685	
D1:  0	D2:  0	D3: 49	D4:  3	D5:  0	DendP:-203.2	Axon:  0	Pulses:  0	AxonP:-203.2	time:    1690	
D1:  0	D2:  0	D3: 49	D4:  3	D5:  0	DendP:-193.3	Axon:  0	Pulses:  0	AxonP:-193.3	time:    1696	
D1:  0	D2:  0	D3: 49	D4:  3	D5:  0	DendP:-202.1	Axon:  0	Pulses:  0	AxonP:-202.1	time:    1701	
D1:  0	D2:  0	D3: 49	D4:  3	D5:  0	DendP:-192.2	Axon:  0	Pulses:  0	AxonP:-192.2	time:    1706	
D1:  0	D2:  0	D3: 49	D4:  3	D5:  0	DendP:-202.8	Axon:  0	Pulses:  0	AxonP:-202.8	time:    1711	
D1:  0	D2:  0	D3: 49	D4:  3	D5:  0	DendP:-193.0	Axon:  0	Pulses:  0	AxonP:-193.0	time:    1716	
D1:  0	D2:  0	D3: 49	D4:  3	D5:  0	DendP:-203.5	Axon:  0	Pulses:  0	AxonP:-203.5	time:    1721	
D1:  0	D2:  0	D3: 49	D4:  3	D5:  0	DendP:-193.6	Axon:  0	Pulses:  0	AxonP:-193.6	time:    1727	
D1:  0	D2:  0	D3: 49	D4:  3	D5:  0	DendP:-202.3	Axon:  0	Pulses:  0	AxonP:-202.3	time:    1732	
D1:  0	D2:  0	D3: 49	D4:  3	D5:  0	DendP:-192.5	Axon:  0	Pulses:  0	AxonP:-192.5	time:    1737	
D1:  0	D2:  0	D3: 49	D4:  3	D5:  0	DendP:-203.1	Axon:  0	Pulses:  0	AxonP:-203.1	time:    1742	
D1:  0	D2:  0	D3: 49	D4:  3	D5:  0	DendP:-193.2	Axon:  0	Pulses:  0	AxonP:-193.2	time:    1747	
D1:  0	D2:  0	D3: 49	D4:  3	D5:  0	DendP:-203.8	Axon:  0	Pulses:  0	AxonP:-203.8	time:    1752	
D1:  0	D2:  0	D3: 49	D4:  3	D5:  0	DendP:-193.8	Axon:  0	Pulses:  0	AxonP:-193.8	time:    1758	
D1:  0	D2:  0	D3: 49	D4:  3	D5:  0	DendP:-202.5	Axon:  0	Pulses:  0	AxonP:-202.5	time:    1763	
D1:  0	D2:  0	D3: 49	D4:  3	D5:  0	DendP:-192.7	Axon:  0	Pulses:  0	AxonP:-192.7	time:    1768	
D1:  0	D2:  0	D3: 49	D4:  3	D5:  0	DendP:-203.3	Axon:  0	Pulses:  0	AxonP:-203.3	time:    1773	
D1:  0	D2:  0	D3: 49	D4:  3	D5:  0	DendP:-193.3	Axon:  0	Pulses:  0	AxonP:-193.3	time:    1778	
D1:  0	D2:  0	D3: 49	D4:  3	D5:  0	DendP:-203.9	Axon:  0	Pulses:  0	AxonP:-203.9	time:    1783	
D1:  0	D2:  0	D3: 49	D4:  3	D5:  0	DendP:-194.0	Axon:  0	Pulses:  0	AxonP:-194.0	time:    1789	
D1:  0	D2:  0	D3: 49	D4:  3	D5:  0	DendP:-202.7	Axon:  0	Pulses:  0	AxonP:-202.7	time:    1794	
D1:  0	D2:  0	D3: 49	D4:  3	D5:  0	DendP:-192.8	Axon:  0	Pulses:  0	AxonP:-192.8	time:    1799	
D1:  0	D2:  0	D3: 49	D4:  3	D5:  0	DendP:-203.4	Axon:  0	Pulses:  0	AxonP:-203.4	time:    1804	
D1:  0	D2:  0	D3: 49	D4:  3	D5:  0	DendP:-193.5	Axon:  0	Pulses:  0	AxonP:-193.5	time:    1809	
D1:  0	D2:  0	D3: 49	D4:  3	D5:  0	DendP:-204.0	Axon:  0	Pulses:  0	AxonP:-204.0	time:    1814	
D1:  0	D2:  0	D3: 49	D4:  3	D5:  0	DendP:-194.1	Axon:  0	Pulses:  0	AxonP:-194.1	time:    1820	
D1:  0	D2:  0	D3: 49	D4:  3	D5:  0	DendP:-202.8	Axon:  0	Pulses:  0	AxonP:-202.8	time:    1825	
D1:  0	D2:  0	D3: 49	D4:  3	D5:  0	DendP:-192.9	Axon:  0	Pulses:  0	AxonP:-192.9	time:    1830	
D1:  0	D2:  0	D3: 49	D4:  3	D5:  0	DendP:-203.5	Axon:  0	Pulses:  0	AxonP:-203.5	time:    1835	
D1:  0	D2:  0	D3: 49	D4:  3	D5:  0	DendP:-193.6	Axon:  0	Pulses:  0	AxonP:-193.6	time:    1840	
D1:  0	D2:  0	D3: 49	D4:  3	D5:  0	DendP:-204.1	Axon:  0	Pulses:  0	AxonP:-204.1	time:    1845	
D1:  0	D2:  0	D3: 49	D4:  3	D5:  0	DendP:-194.2	Axon:  0	Pulses:  0	AxonP:-194.2	time:    1851	
D1:  0	D2:  0	D3: 49	D4:  3	D5:  0	DendP:-202.9	Axon:  0	Pulses:  0	AxonP:-202.9	time:    1856	
D1:  0	D2:  0	D3: 49	D4:  3	D5:  0	DendP:-193.0	Axon:  0	Pulses:  0	AxonP:-193.0	time:    1861	
D1:  0	D2:  0	D3: 49	D4:  3	D5:  0	DendP:-203.6	Axon:  0	Pulses:  0	AxonP:-203.6	time:    1866	
D1:  0	D2:  0	D3: 49	D4:  3	D5:  0	DendP:-193.6	Axon:  0	Pulses:  0	AxonP:-193.6	time:    1871	
D1:  0	D2:  0	D3: 49	D4:  3	D5:  0	DendP:-204.2	Axon:  0	Pulses:  0	AxonP:-204.2	time:    1876	
D1:  0	D2:  0	D3: 49	D4:  3	D5:  0	DendP:-194.2	Axon:  0	Pulses:  0	AxonP:-194.2	time:    1882	
D1:  0	D2:  0	D3: 49	D4:  3	D5:  0	DendP:-202.9	Axon:  0	Pulses:  0	AxonP:-202.9	time:    1887	
D1:  0	D2:  0	D3: 49	D4:  3	D5:  0	DendP:-193.0	Axon:  0	Pulses:  0	AxonP:-193.0	time:    1892	
D1:  0	D2:  0	D3: 49	D4:  3	D5:  0	DendP:-203.6	Axon:  0	Pulses:  0	AxonP:-203.6	time:    1897	
D1:  0	D2:  0	D3: 49	D4:  3	D5:  0	DendP:-193.7	Axon:  0	Pulses:  0	AxonP:-193.7	time:    1902	
D1:  0	D2:  0	D3: 49	D4:  3	D5:  0	DendP:-204.2	Axon:  0	Pulses:  0	AxonP:-204.2	time:    1907	
D1:  0	D2:  0	D3: 49	D4:  3	D5:  0	DendP:-194.3	Axon:  0	Pulses:  0	AxonP:-194.3	time:    1913	
D1:  0	D2:  0	D3: 49	D4:  3	D5:  0	DendP:-203.0	Axon:  0	Pulses:  0	AxonP:-203.0	time:    1918	
D1:  0	D2:  0	D3: 49	D4:  3	D5:  0	DendP:-193.1	Axon:  0	Pulses:  0	AxonP:-193.1	time:    1923	
D1:  0	D2:  0	D3: 49	D4:  3	D5:  0	DendP:-203.6	Axon:  0	Pulses:  0	AxonP:-203.6	time:    1928	
D1:  0	D2:  0	D3: 49	D4:  3	D5:  0	DendP:-193.7	Axon:  0	Pulses:  0	AxonP:-193.7	time:    1933	
D1:  0	D2:  0	D3: 49	D4:  3	D5:  0	DendP:-204.3	Axon:  0	Pulses:  0	AxonP:-204.3	time:    1938	
D1:  0	D2:  0	D3: 49	D4:  3	D5:  0	DendP:-194.3	Axon:  0	Pulses:  0	AxonP:-194.3	time:    1944	
D1:  0	D2:  0	D3: 49	D4:  3	D5:  0	DendP:-203.0	Axon:  0	Pulses:  0	AxonP:-203.0	time:    1949	
D1:  0	D2:  0	D3: 49	D4:  3	D5:  0	DendP:-193.1	Axon:  0	Pulses:  0	AxonP:-193.1	time:    1954	
D1:  0	D2:  0	D3: 49	D4:  3	D5:  0	DendP:-203.7	Axon:  0	Pulses:  0	AxonP:-203.7	time:    1959	
D1:  0	D2:  0	D3: 49	D4:  3	D5:  0	DendP:-193.7	Axon:  0	Pulses:  0	AxonP:-193.7	time:    1964	
D1:  0	D2:  0	D3: 49	D4:  3	D5:  0	DendP:-204.3	Axon:  0	Pulses:  0	AxonP:-204.3	time:    1969	
D1:  0	D2:  0	D3: 49	D4:  3	D5:  0	DendP:-194.3	Axon:  0	Pulses:  0	AxonP:-194.3	time:    1975	
D1:  0	D2:  0	D3: 49	D4:  3	D5:  0	DendP:-203.0	Axon:  0	Pulses:  0	AxonP:-203.0	time:    1980	
D1:  0	D2:  0	D3: 49	D4:  3	D5:  0	DendP:-193.1	Axon:  0	Pulses:  0	AxonP:-193.1	time:    1985	
D1:  0	D2:  0	D3: 49	D4:  3	D5:  0	DendP:-203.7	Axon:  0	Pulses:  0	AxonP:-203.7	time:    1990	
D1:  0	D2:  0	D3: 49	D4:  3	D5:  0	DendP:-193.8	Axon:  0	Pulses:  0	AxonP:-193.8	time:    1995	
D1:  0	D2:  0	D3: 49	D4:  3	D5:  0	DendP:-204.3	Axon:  0	Pulses:  0	AxonP:-204.3	LED1 color:  2	LED2 color:  0	time:    2002	
D1:  0	D2:  0	D3: 49	D4:  3	D5:  0	DendP:-190.5	Axon:  0	Pulses:  0	AxonP:-190.5	time:    2007	
D1:  0	D2:  0	D3: 49	D4:  3	D5:  0	DendP:-201.2	Axon:  0	Pulses:  0	AxonP:-201.2	LED1 color:  2	LED2 color:  0	time:    2014	
D1:  0	D2:  0	D3: 49	D4:  3	D5:  0	DendP:-187.6	Axon:  0	Pulses:  0	AxonP:-187.6	time:    2019	
D1:  0	D2:  0	D3: 49	D4:  3	D5:  0	DendP:-198.5	Axon:  0	Pulses:  0	AxonP:-198.5	time:    2024	
D1:  0	D2:  0	D3: 49	D4:  3	D5:  0	DendP:-188.8	Axon:  0	Pulses:  0	AxonP:-188.8	time:    2029	
D1:  0	D2:  0	D3: 49	D4:  3	D5:  0	DendP:-199.6	Axon:  0	Pulses:  0	AxonP:-199.6	time:    2035	
D1:  0	D2:  0	D3: 49	D4:  3	D5:  0	DendP:-187.9	Axon:  0	Pulses:  0	AxonP:-187.9	time:    2040	
D1:  0	D2:  0	D3: 49	D4:  3	D5:  0	DendP:-198.8	Axon:  0	Pulses:  0	AxonP:-198.8	time:    2045	
D1:  0	D2:  0	D3: 49	D4:  3	D5:  0	DendP:-189.1	Axon:  0	Pulses:  0	AxonP:-189.1	time:    2050	
D1:  0	D2:  0	D3: 49	D4:  3	D5:  0	DendP:-199.9	Axon:  0	Pulses:  0	AxonP:-199.9	time:    2055	
D1:  0	D2:  0	D3: 49	D4:  3	D5:  0	DendP:-190.1	Axon:  0	Pulses:  0	AxonP:-190.1	time:    2060	
D1:  0	D2:  0	D3: 49	D4:  3	D5:  0	DendP:-200.8	Axon:  0	Pulses:  0	AxonP:-200.8	time:    2066	
D1:  0	D2:  0	D3: 49	D4:  3	D5:  0	DendP:-189.1	Axon:  0	Pulses:  0	AxonP:-189.1	time:    2071	
D1:  0	D2:  0	D3: 49	D4:  3	D5:  0	DendP:-199.9	Axon:  0	Pulses:  0	AxonP:-199.9	time:    2076	
D1:  0	D2:  0	D3: 49	D4:  3	D5:  0	DendP:-190.2	Axon:  0	Pulses:  0	AxonP:-190.2	time:    2081	
D1:  0	D2:  0	D3: 49	D4:  3	D5:  0	DendP:-200.9	Axon:  0	Pulses:  0	AxonP:-200.9	time:    2086	
D1:  0	D2:  0	D3: 49	D4:  3	D5:  0	DendP:-191.1	Axon:  0	Pulses:  0	AxonP:-191.1	time:    2091	
D1:  0	D2:  0	D3: 49	D4:  3	D5:  0	DendP:-201.8	Axon:  0	Pulses:  0	AxonP:-201.8	time:    2097	
D1:  0	D2:  0	D3: 49	D4:  3	D5:  0	DendP:-190.0	Axon:  0	Pulses:  0	AxonP:-190.0	time:    2102	
D1:  0	D2:  0	D3: 49	D4:  3	D5:  0	DendP:-200.8	Axon:  0	Pulses:  0	AxonP:-200.8	time:    2107	
D1:  0	D2:  0	D3: 49	D4:  3	D5:  0	DendP:-191.0	Axon:  0	Pulses:  0	AxonP:-191.0	time:    2112	
D1:  0	D2:  0	D3: 49	D4:  3	D5:  0	DendP:-201.7	Axon:  0	Pulses:  0	AxonP:-201.7	time:    2117	
D1:  0	D2:  0	D3: 49	D4:  3	D5:  0	DendP:-191.8	Axon:  0	Pulses:  0	AxonP:-191.8	time:    2122	
D1:  0	D2:  0	D3: 49	D4:  3	D5:  0	DendP:-202.5	Axon:  0	Pulses:  0	AxonP:-202.5	time:    2128	
D1:  0	D2:  0	D3: 49	D4:  3	D5:  0	DendP:-190.7	Axon:  0	Pulses:  0	AxonP:-190.7	time:    2133	
D1:  0	D2:  0	D3: 49	D4:  3	D5:  0	DendP:-201.4	Axon:  0	Pulses:  0	AxonP:-201.4	time:    2138	
D1:  0	D2:  0	D3: 49	D4:  3	D5:  0	DendP:-191.6	Axon:  0	Pulses:  0	AxonP:-191.6	time:    2143	
D1:  0	D2:  0	D3: 49	D4:  3	D5:  0	DendP:-202.2	Axon:  0	Pulses:  0	AxonP:-202.2	time:    2148	
D1:  0	D2:  0	D3: 49	D4:  3	D5:  0	DendP:-192.3	Axon:  0	Pulses:  0	AxonP:-192.3	time:    2153	
D1:  0	D2:  0	D3: 49	D4:  3	D5:  0	DendP:-203.0	Axon:  0	Pulses:  0	AxonP:-203.0	time:    2159	
D1:  0	D2:  0	D3: 49	D4:  3	D5:  0	DendP:-191.1	Axon:  0	Pulses:  0	AxonP:-191.1	time:    2164	
D1:  0	D2:  0	D3: 49	D4:  3	D5:  0	DendP:-201.8	Axon:  0	Pulses:  0	AxonP:-201.8	time:    2169	
D1:  0	D2:  0	D3: 49	D4:  3	D5:  0	DendP:-192.0	Axon:  0	Pulses:  0	AxonP:-192.0	time:    2174	
D1:  0	D2:  0	D3: 49	D4:  3	D5:  0	DendP:-202.6	Axon:  0	Pulses:  0	AxonP:-202.6	time:    2179	
D1:  0	D2:  0	D3: 49	D4:  3	D5:  0	DendP:-192.7	Axon:  0	Pulses:  0	AxonP:-192.7	time:    2184	
D1:  0	D2:  0	D3: 49	D4:  3	D5:  0	DendP:-203.3	Axon:  0	Pulses:  0	AxonP:-203.3	time:    2190	
D1:  0	D2:  0	D3: 49	D4:  3	D5:  0	DendP:-191.5	Axon:  0	Pulses:  0	AxonP:-191.5	time:    2195	
D1:  0	D2:  0	D3: 49	D4:  3	D5:  0	DendP:-202.2	Axon:  0	Pulses:  0	AxonP:-202.2	time:    2200	
D1:  0	D2:  0	D3: 49	D4:  3	D5:  0	DendP:-192.3	Axon:  0	Pulses:  0	AxonP:-192.3	time:    2205	
D1:  0	D2:  0	D3: 49	D4:  3	D5:  0	DendP:-202.9	Axon:  0	Pulses:  0	AxonP:-202.9	time:    2210	
D1:  0	D2:  0	D3: 49	D4:  3	D5:  0	DendP:-193.0	Axon:  0	Pulses:  0	AxonP:-193.0	time:    2215	
D1:  0	D2:  0	D3: 49	D4:  3	D5:  0	DendP:-203.6	Axon:  0	Pulses:  0	AxonP:-203.6	time:    2221	
D1:  0	D2:  0	D3: 49	D4:  3	D5:  0	DendP:-191.8	Axon:  0	Pulses:  0	AxonP:-191.8	time:    2226	
D1:  0	D2:  0	D3: 49	D4:  3	D5:  0	DendP:-202.4	Axon:  0	Pulses:  0	AxonP:-202.4	time:    2231	
D1:  0	D2:  0	D3: 49	D4:  3	D5:  0	DendP:-192.5	Axon:  0	Pulses:  0	AxonP:-192.5	time:    2236	
D1:  0	D2:  0	D3: 49	D4:  3	D5:  0	DendP:-203.1	Axon:  0	Pulses:  0	AxonP:-203.1	time:    2241	
D1:  0	D2:  0	D3: 49	D4:  3	D5:  0	DendP:-193.2	Axon:  0	Pulses:  0	AxonP:-193.2	time:    2246	
D1:  0	D2:  0	D3: 49	D4:  3	D5:  0	DendP:-203.8	Axon:  0	Pulses:  0	AxonP:-203.8	time:    2252	
D1:  0	D2:  0	D3: 49	D4:  3	D5:  0	DendP:-191.9	Axon:  0	Pulses:  0	AxonP:-191.9	time:    2257	
D1:  0	D2:  0	D3: 49	D4:  3	D5:  0	DendP:-202.6	Axon:  0	Pulses:  0	AxonP:-202.6	time:    2262	
D1:  0	D2:  0	D3: 49	D4:  3	D5:  0	DendP:-192.7	Axon:  0	Pulses:  0	AxonP:-192.7	time:    2267	
D1:  0	D2:  0	D3: 49	D4:  3	D5:  0	DendP:-203.3	Axon:  0	Pulses:  0	AxonP:-203.3	time:    2272	
D1:  0	D2:  0	D3: 49	D4:  3	D5:  0	DendP:-193.4	Axon:  0	Pulses:  0	AxonP:-193.4	time:    2277	
D1:  0	D2:  0	D3: 49	D4:  3	D5:  0	DendP:-204.0	Axon:  0	Pulses:  0	AxonP:-204.0	time:    2283	
D1:  0	D2:  0	D3: 49	D4:  3	D5:  0	DendP:-192.1	Axon:  0	Pulses:  0	AxonP:-192.1	time:    2288	
D1:  0	D2:  0	D3: 49	D4:  3	D5:  0	DendP:-202.7	Axon:  0	Pulses:  0	AxonP:-202.7	time:    2293	
D1:  0	D2:  0	D3: 49	D4:  3	D5:  0	DendP:-192.8	Axon:  0	Pulses:  0	AxonP:-192.8	time:    2298	
D1:  0	D2:  0	D3: 49	D4:  3	D5:  0	DendP:-203.4	Axon:  0	Pulses:  0	AxonP:-203.4	time:    2303	
D1:  0	D2:  0	D3: 49	D4:  3	D5:  0	DendP:-193.5	Axon:  0	Pulses:  0	AxonP:-193.5	time:    2308	
D1:  0	D2:  0	D3: 49	D4:  3	D5:  0	DendP:-204.1	Axon:  0	Pulses:  0	AxonP:-204.1	time:    2314	
D1:  0	D2:  0	D3: 49	D4:  3	D5:  0	DendP:-192.2	Axon:  0	Pulses:  0	AxonP:-192.2	time:    2319	
D1:  0	D2:  0	D3: 49	D4:  3	D5:  0	DendP:-202.8	Axon:  0	Pulses:  0	AxonP:-202.8	time:    2324	
D1:  0	D2:  0	D3: 49	D4:  3	D5:  0	DendP:-192.9	Axon:  0	Pulses:  0	AxonP:-192.9	time:    2329	
D1:  0	D2:  0	D3: 49	D4:  3	D5:  0	DendP:-203.5	Axon:  0	Pulses:  0	AxonP:-203.5	time:    2334	
D1:  0	D2:  0	D3: 49	D4:  3	D5:  0	DendP:-193.6	Axon:  0	Pulses:  0	AxonP:-193.6	time:    2339	
D1:  0	D2:  0	D3: 49	D4:  3	D5:  0	DendP:-204.1	Axon:  0	Pulses:  0	AxonP:-204.1	time:    2345	
D1:  0	D2:  0	D3: 49	D4:  3	D5:  0	DendP:-192.3	Axon:  0	Pulses:  0	AxonP:-192.3	time:    2350	
D1:  0	D2:  0	D3: 49	D4:  3	D5:  0	DendP:-202.9	Axon:  0	Pulses:  0	AxonP:-202.9	time:    2355	
D1:  0	D2:  0	D3: 49	D4:  3	D5:  0	DendP:-193.0	Axon:  0	Pulses:  0	AxonP:-193.0	time:    2360	
D1:  0	D2:  0	D3: 49	D4:  3	D5:  0	DendP:-203.6	Axon:  0	Pulses:  0	AxonP:-203.6	time:    2365	
D1:  0	D2:  0	D3: 49	D4:  3	D5:  0	DendP:-193.6	Axon:  0	Pulses:  0	AxonP:-193.6	time:    2370	
D1:  0	D2:  0	D3: 49	D4:  3	D5:  0	DendP:-204.2	Axon:  0	Pulses:  0	AxonP:-204.2	time:    2376	
D1:  0	D2:  0	D3: 49	D4:  3	D5:  0	DendP:-192.3	Axon:  0	Pulses:  0	AxonP:-192.3	time:    2381	
D1:  0	D2:  0	D3: 49	D4:  3	D5:  0	DendP:-202.9	Axon:  0	Pulses:  0	AxonP:-202.9	time:    2386	
D1:  0	D2:  0	D3: 49	D4:  3	D5:  0	DendP:-193.0	Axon:  0	Pulses:  0	AxonP:-193.0	time:    2391	
D1:  0	D2:  0	D3: 49	D4:  3	D5:  0	DendP:-203.6	Axon:  0	Pulses:  0	AxonP:-203.6	time:    2396	
D1:  0	D2:  0	D3: 49	D4:  3	D5:  0	DendP:-193.7	Axon:  0	Pulses:  0	AxonP:-193.7	time:    2401	
D1:  0	D2:  0	D3: 49	D4:  3	D5:  0	DendP:-204.2	Axon:  0	Pulses:  0	AxonP:-204.2	time:    2407	
D1:  0	D2:  0	D3: 49	D4:  3	D5:  0	DendP:-192.3	Axon:  0	Pulses:  0	AxonP:-192.3	time:    2412	
D1:  0	D2:  0	D3: 49	D4:  3	D5:  0	DendP:-203.0	Axon:  0	Pulses:  0	AxonP:-203.0	time:    2417	
D1:  0	D2:  0	D3: 49	D4:  3	D5:  0	DendP:-193.1	Axon:  0	Pulses:  0	AxonP:-193.1	time:    2422	
D1:  0	D2:  0	D3: 49	D4:  3	D5:  0	DendP:-203.6	Axon:  0	Pulses:  0	AxonP:-203.6	time:    2427	
D1:  0	D2:  0	D3: 49	D4:  3	D5:  0	DendP:-193.7	Axon:  0	Pulses:  0	AxonP:-193.7	time:    2432	
D1:  0	D2:  0	D3: 49	D4:  3	D5:  0	DendP:-204.3	Axon:  0	Pulses:  0	AxonP:-204.3	time:    2438	
D1:  0	D2:  0	D3: 49	D4:  3	D5:  0	DendP:-192.4	Axon:  0	Pulses:  0	AxonP:-192.4	time:    2443	
D1:  0	D2:  0	D3: 49	D4:  3	D5:  0	DendP:-203.0	Axon:  0	Pulses:  0	AxonP:-203.0	time:    2448	
D1:  0	D2:  0	D3: 49	D4:  3	D5:  0	DendP:-193.1	Axon:  0	Pulses:  0	AxonP:-193.1	time:    2453	
D1:  0	D2:  0	D3: 49	D4:  3	D5:  0	DendP:-203.7	Axon:  0	Pulses:  0	AxonP:-203.7	time:    2458	
D1:  0	D2:  0	D3: 49	D4:  3	D5:  0	DendP:-193.7	Axon:  0	Pulses:  0	AxonP:-193.7	time:    2463	
D1:  0	D2:  0	D3: 49	D4:  3	D5:  0	DendP:-204.3	Axon:  0	Pulses:  0	AxonP:-204.3	time:    2469	
D1:  0	D2:  0	D3: 49	D4:  3	D5:  0	DendP:-192.4	Axon:  0	Pulses:  0	AxonP:-192.4	time:    2474	
D1:  0	D2:  0	D3: 49	D4:  3	D5:  0	DendP:-203.0	Axon:  0	Pulses:  0	AxonP:-203.0	time:    2479	
D1:  0	D2:  0	D3: 49	D4:  3	D5:  0	DendP:-193.1	Axon:  0	Pulses:  0	AxonP:-193.1	time:    2484	
D1:  0	D2:  0	D3: 49	D4:  3	D5:  0	DendP:-203.7	Axon:  0	Pulses:  0	AxonP:-203.7	time:    2489	
D1:  0	D2:  0	D3: 49	D4:  3	D5:  0	DendP:-193.8	Axon:  0	Pulses:  0	AxonP:-193.8	time:    2494	
D1:  0	D2:  0	D3: 49	D4:  3	D5:  0	DendP:-204.3	Axon:  0	Pulses:  0	AxonP:-204.3	LED1 color:  2	LED2 color:  0	time:    2501	
D1:  0	D2:  0	D3: 49	D4:  3	D5:  0	DendP:-190.5	Axon:  0	Pulses:  0	AxonP:-190.5	time:    2506	
D1:  0	D2:  0	D3: 49	D4:  3	D5:  0	DendP:-201.2	Axon:  0	Pulses:  0	AxonP:-201.2	LED1 color:  2	LED2 color:  0	time:    2513	
D1:  0	D2:  0	D3: 49	D4:  3	D5:  0	DendP:-187.6	Axon:  0	Pulses:  0	AxonP:-187.6	time:    2518	
D1:  0	D2:  0	D3: 49	D4:  3	D5:  0	DendP:-198.5	Axon:  0	Pulses:  0	AxonP:-198.5	time:    2523	
D1:  0	D2:  0	D3: 49	D4:  3	D5:  0	DendP:-188.8	Axon:  0	Pulses:  0	AxonP:-188.8	time:    2529	
D1:  0	D2:  0	D3: 49	D4:  3	D5:  0	DendP:-197.8	Axon:  0	Pulses:  0	AxonP:-197.8	time:    2534	
D1:  0	D2:  0	D3: 49	D4:  3	D5:  0	DendP:-188.1	Axon:  0	Pulses:  0	AxonP:-188.1	time:    2539	
D1:  0	D2:  0	D3: 49	D4:  3	D5:  0	DendP:-199.0	Axon:  0	Pulses:  0	AxonP:-199.0	time:    2544	
D1:  0	D2:  0	D3: 49	D4:  3	D5:  0	DendP:-189.3	Axon:  0	Pulses:  0	AxonP:-189.3	time:    2549	
D1:  0	D2:  0	D3: 49	D4:  3	D5:  0	DendP:-200.0	Axon:  0	Pulses:  0	AxonP:-200.0	time:    2554	
D1:  0	D2:  0	D3: 49	D4:  3	D5:  0	DendP:-190.3	Axon:  0	Pulses:  0	AxonP:-190.3	time:    2560	
D1:  0	D2:  0	D3: 49	D4:  3	D5:  0	DendP:-199.2	Axon:  0	Pulses:  0	AxonP:-199.2	time:    2565	
D1:  0	D2:  0	D3: 49	D4:  3	D5:  0	DendP:-189.5	Axon:  0	Pulses:  0	AxonP:-189.5	time:    2570	
D1:  0	D2:  0	D3: 49	D4:  3	D5:  0	DendP:-200.2	Axon:  0	Pulses:  0	AxonP:-200.2	time:    2575	
D1:  0	D2:  0	D3: 49	D4:  3	D5:  0	DendP:-190.5	Axon:  0	Pulses:  0	AxonP:-190.5	time:    2580	
D1:  0	D2:  0	D3: 49	D4:  3	D5:  0	DendP:-201.2	Axon:  0	Pulses:  0	AxonP:-201.2	time:    2585	
D1:  0	D2:  0	D3: 49	D4:  3	D5:  0	DendP:-191.4	Axon:  0	Pulses:  0	AxonP:-191.4	time:    2591	
D1:  0	D2:  0	D3: 49	D4:  3	D5:  0	DendP:-200.2	Axon:  0	Pulses:  0	AxonP:-200.2	time:    2596	
D1:  0	D2:  0	D3: 49	D4:  3	D5:  0	DendP:-190.5	Axon:  0	Pulses:  0	AxonP:-190.5	time:    2601	
D1:  0	D2:  0	D3: 49	D4:  3	D5:  0	DendP:-201.2	Axon:  0	Pulses:  0	AxonP:-201.2	time:    2606	
D1:  0	D2:  0	D3: 49	D4:  3	D5:  0	DendP:-191.4	Axon:  0	Pulses:  0	AxonP:-191.4	time:    2611	
D1:  0	D2:  0	D3: 49	D4:  3	D5:  0	DendP:-202.0	Axon:  0	Pulses:  0	AxonP:-202.0	time:    2616	
D1:  0	D2:  0	D3: 49	D4:  3	D5:  0	DendP:-192.2	Axon:  0	Pulses:  0	AxonP:-192.2	time:    2622	
D1:  0	D2:  0	D3: 49	D4:  3	D5:  0	DendP:-201.0	Axon:  0	Pulses:  0	AxonP:-201.0	time:    2627	
D1:  0	D2:  0	D3: 49	D4:  3	D5:  0	DendP:-191.2	Axon:  0	Pulses:  0	AxonP:-191.2	time:    2632	
D1:  0	D2:  0	D3: 49	D4:  3	D5:  0	DendP:-201.9	Axon:  0	Pulses:  0	AxonP:-201.9	time:    2637	
D1:  0	D2:  0	D3: 49	D4:  3	D5:  0	DendP:-192.0	Axon:  0	Pulses:  0	AxonP:-192.0	time:    2642	
D1:  0	D2:  0	D3: 49	D4:  3	D5:  0	DendP:-202.6	Axon:  0	Pulses:  0	AxonP:-202.6	time:    2647	
D1:  0	D2:  0	D3: 49	D4:  3	D5:  0	DendP:-192.8	Axon:  0	Pulses:  0	AxonP:-192.8	time:    2653	
D1:  0	D2:  0	D3: 49	D4:  3	D5:  0	DendP:-201.5	Axon:  0	Pulses:  0	AxonP:-201.5	time:    2658	
D1:  0	D2:  0	D3: 49	D4:  3	D5:  0	DendP:-191.7	Axon:  0	Pulses:  0	AxonP:-191.7	time:    2663	
D1:  0	D2:  0	D3: 49	D4:  3	D5:  0	DendP:-202.4	Axon:  0	Pulses:  0	AxonP:-202.4	time:    2668	
D1:  0	D2:  0	D3: 49	D4:  3	D5:  0	DendP:-192.5	Axon:  0	Pulses:  0	AxonP:-192.5	time:    2673	
D1:  0	D2:  0	D3: 49	D4:  3	D5:  0	DendP:-203.1	Axon:  0	Pulses:  0	AxonP:-203.1	time:    2678	
D1:  0	D2:  0	D3: 49	D4:  3	D5:  0	DendP:-193.2	Axon:  0	Pulses:  0	AxonP:-193.2	time:    2684	
D1:  0	D2:  0	D3: 49	D4:  3	D5:  0	DendP:-201.9	Axon:  0	Pulses:  0	AxonP:-201.9	time:    2689	
D1:  0	D2:  0	D3: 49	D4:  3	D5:  0	DendP:-192.1	Axon:  0	Pulses:  0	AxonP:-192.1	time:    2694	
D1:  0	D2:  0	D3: 49	D4:  3	D5:  0	DendP:-202.7	Axon:  0	Pulses:  0	AxonP:-202.7	time:    2699	
D1:  0	D2:  0	D3: 49	D4:  3	D5:  0	DendP:-192.8	Axon:  0	Pulses:  0	AxonP:-192.8	time:    2704	
D1:  0	D2:  0	D3: 49	D4:  3	D5:  0	DendP:-203.4	Axon:  0	Pulses:  0	AxonP:-203.4	time:    2709	
D1:  0	D2:  0	D3: 49	D4:  3	D5:  0	DendP:-193.5	Axon:  0	Pulses:  0	AxonP:-193.5	time:    2715	
D1:  0	D2:  0	D3: 49	D4:  3	D5:  0	DendP:-202.2	Axon:  0	Pulses:  0	AxonP:-202.2	time:    2720	
D1:  0	D2:  0	D3: 49	D4:  3	D5:  0	DendP:-192.4	Axon:  0	Pulses:  0	AxonP:-192.4	time:    2725	
D1:  0	D2:  0	D3: 49	D4:  3	D5:  0	DendP:-203.0	Axon:  0	Pulses:  0	AxonP:-203.0	time:    2730	
D1:  0	D2:  0	D3: 49	D4:  3	D5:  0	DendP:-193.1	Axon:  0	Pulses:  0	AxonP:-193.1	time:    2735	
D1:  0	D2:  0	D3: 49	D4:  3	D5:  0	DendP:-203.7	Axon:  0	Pulses:  0	AxonP:-203.7	time:    2740	
D1:  0	D2:  0	D3: 49	D4:  3	D5:  0	DendP:-193.7	Axon:  0	Pulses:  0	AxonP:-193.7	time:    2746	
D1:  0	D2:  0	D3: 49	D4:  3	D5:  0	DendP:-202.5	Axon:  0	Pulses:  0	AxonP:-202.5	time:    2751	
D1:  0	D2:  0	D3: 49	D4:  3	D5:  0	DendP:-192.6	Axon:  0	Pulses:  0	AxonP:-192.6	time:    2756	
D1:  0	D2:  0	D3: 49	D4:  3	D5:  0	DendP:-203.2	Axon:  0	Pulses:  0	AxonP:-203.2	time:    2761	
D1:  0	D2:  0	D3: 49	D4:  3	D5:  0	DendP:-193.3	Axon:  0	Pulses:  0	AxonP:-193.3	time:    2766	
D1:  0	D2:  0	D3: 49	D4:  3	D5:  0	DendP:-203.9	Axon:  0	Pulses:  0	AxonP:-203.9	time:    2771	
D1:  0	D2:  0	D3: 49	D4:  3	D5:  0	DendP:-193.9	Axon:  0	Pulses:  0	AxonP:-193.9	time:    2777	
D1:  0	D2:  0	D3: 49	D4:  3	D5:  0	DendP:-202.6	Axon:  0	Pulses:  0	AxonP:-202.6	time:    2782	
D1:  0	D2:  0	D3: 49	D4:  3	D5:  0	DendP:-192.7	Axon:  0	Pulses:  0	AxonP:-192.7	time:    2787	
D1:  0	D2:  0	D3: 49	D4:  3	D5:  0	DendP:-203.3	Axon:  0	Pulses:  0	AxonP:-203.3	time:    2792	
D1:  0	D2:  0	D3: 49	D4:  3	D5:  0	DendP:-193.4	Axon:  0	Pulses:  0	AxonP:-193.4	time:    2797	
D1:  0	D2:  0	D3: 49	D4:  3	D5:  0	DendP:-204.0	Axon:  0	Pulses:  0	AxonP:-204.0	time:    2802	
D1:  0	D2:  0	D3: 49	D4:  3	D5:  0	DendP:-194.0	Axon:  0	Pulses:  0	AxonP:-194.0	time:    2808	
D1:  0	D2:  0	D3: 49	D4:  3	D5:  0	DendP:-202.7	Axon:  0	Pulses:  0	AxonP:-202.7	time:    2813	
D1:  0	D2:  0	D3: 49	D4:  3	D5:  0	DendP:-192.9	Axon:  0	Pulses:  0	AxonP:-192.9	time:    2818	
D1:  0	D2:  0	D3: 49	D4:  3	D5:  0	DendP:-203.4	Axon:  0	Pulses:  0	AxonP:-203.4	time:    2823	
D1:  0	D2:  0	D3: 49	D4:  3	D5:  0	DendP:-193.5	Axon:  0	Pulses:  0	AxonP:-193.5	time:    2828	
D1:  0	D2:  0	D3: 49	D4:  3	D5:  0	DendP:-204.1	Axon:  0	Pulses:  0	AxonP:-204.1	time:    2833	
D1:  0	D2:  0	D3: 49	D4:  3	D5:  0	DendP:-194.1	Axon:  0	Pulses:  0	AxonP:-194.1	time:    2839	
D1:  0	D2:  0	D3: 49	D4:  3	D5:  0	DendP:-202.8	Axon:  0	Pulses:  0	AxonP:-202.8	time:    2844	
D1:  0	D2:  0	D3: 49	D4:  3	D5:  0	DendP:-192.9	Axon:  0	Pulses:  0	AxonP:-192.9	time:    2849	
D1:  0	D2:  0	D3: 49	D4:  3	D5:  0	DendP:-203.5	Axon:  0	Pulses:  0	AxonP:-203.5	time:    2854	
D1:  0	D2:  0	D3: 49	D4:  3	D5:  0	DendP:-193.6	Axon:  0	Pulses:  0	AxonP:-193.6	time:    2859	
D1:  0	D2:  0	D3: 49	D4:  3	D5:  0	DendP:-204.2	Axon:  0	Pulses:  0	AxonP:-204.2	time:    2864	
D1:  0	D2:  0	D3: 49	D4:  3	D5:  0	DendP:-194.2	Axon:  0	Pulses:  0	AxonP:-194.2	time:    2870	
D1:  0	D2:  0	D3: 49	D4:  3	D5:  0	DendP:-202.9	Axon:  0	Pulses:  0	AxonP:-202.9	time:    2875	
D1:  0	D2:  0	D3: 49	D4:  3	D5:  0	DendP:-193.0	Axon:  0	Pulses:  0	AxonP:-193.0	time:    2880	
D1:  0	D2:  0	D3: 49	D4:  3	D5:  0	DendP:-203.6	Axon:  0	Pulses:  0	AxonP:-203.6	time:    2885	
D1:  0	D2:  0	D3: 49	D4:  3	D5:  0	DendP:-193.7	Axon:  0	Pulses:  0	AxonP:-193.7	time:    2890	
D1:  0	D2:  0	D3: 49	D4:  3	D5:  0	DendP:-204.2	Axon:  0	Pulses:  0	AxonP:-204.2	time:    2895	
D1:  0	D2:  0	D3: 49	D4:  3	D5:  0	DendP:-194.3	Axon:  0	Pulses:  0	AxonP:-194.3	time:    2901	
D1:  0	D2:  0	D3: 49	D4:  3	D5:  0	DendP:-202.9	Axon:  0	Pulses:  0	AxonP:-202.9	time:    2906	
D1:  0	D2:  0	D3: 49	D4:  3	D5:  0	DendP:-193.0	Axon:  0	Pulses:  0	AxonP:-193.0	time:    2911	
D1:  0	D2:  0	D3: 49	D4:  3	D5:  0	DendP:-203.6	Axon:  0	Pulses:  0	AxonP:-203.6	time:    2916	
D1:  0	D2:  0	D3: 49	D4:  3	D5:  0	DendP:-193.7	Axon:  0	Pulses:  0	AxonP:-193.7	time:    2921	
D1:  0	D2:  0	D3: 49	D4:  3	D5:  0	DendP:-204.2	Axon:  0	Pulses:  0	AxonP:-204.2	time:    2926	
D1:  0	D2:  0	D3: 49	D4:  3	D5:  0	DendP:-194.3	Axon:  0	Pulses:  0	AxonP:-194.3	time:    2932	
D1:  0	D2:  0	D3: 49	D4:  3	D5:  0	DendP:-203.0	Axon:  0	Pulses:  0	AxonP:-203.0	time:    2937	
D1:  0	D2:  0	D3: 49	D4:  3	D5:  0	DendP:-193.1	Axon:  0	Pulses:  0	AxonP:-193.1	time:    2942	
D1:  0	D2:  0	D3: 49	D4:  3	D5:  0	DendP:-203.7	Axon:  0	Pulses:  0	AxonP:-203.7	time:    2947	
D1:  0	D2:  0	D3: 49	D4:  3	D5:  0	DendP:-193.7	Axon:  0	Pulses:  0	AxonP:-193.7	time:    2952	
D1:  0	D2:  0	D3: 49	D4:  3	D5:  0	DendP:-204.3	Axon:  0	Pulses:  0	AxonP:-204.3	time:    2957	
D1:  0	D2:  0	D3: 49	D4:  3	D5:  0	DendP:-194.3	Axon:  0	Pulses:  0	AxonP:-194.3	time:    2963	
D1:  0	D2:  0	D3: 49	D4:  3	D5:  0	DendP:-203.0	Axon:  0	Pulses:  0	AxonP:-203.0	time:    2968	
D1:  0	D2:  0	D3: 49	D4:  3	D5:  0	DendP:-193.1	Axon:  0	Pulses:  0	AxonP:-193.1	time:    2973	
D1:  0	D2:  0	D3: 49	D4:  3	D5:  0	DendP:-203.7	Axon:  0	Pulses:  0	AxonP:-203.7	time:    2978	
D1:  0	D2:  0	D3: 49	D4:  3	D5:  0	DendP:-193.7	Axon:  0	Pulses:  0	AxonP:-193.7	time:    2983	
D1:  0	D2:  0	D3: 49	D4:  3	D5:  0	DendP:-204.3	Axon:  0	Pulses:  0	AxonP:-204.3	time:    2988	
D1:  0	D2:  0	D3: 49	D4:  3	D5:  0	DendP:-194.3	Axon:  0	Pulses:  0	AxonP:-194.3	time:    2994	
D1:  0	D2:  0	D3: 49	D4:  3	D5:  0	DendP:-203.0	Axon:  0	Pulses:  0	AxonP:-203.0	time:    2999	
